[
  { "id": 1, "reserved": false },
  { "id": 2, "reserved": false },
  { "id": 3, "reserved": false },
  { "id": 4, "reserved": false },
  { "id": 5, "reserved": false },
  { "id": 6, "reserved": false },
  { "id": 7, "reserved": false },
  { "id": 8, "reserved": false },
  { "id": 9, "reserved": false },
  { "id": 10, "reserved": false },
  { "id": 11, "reserved": false },
  { "id": 12, "reserved": false },
  { "id": 13, "reserved": false },
  { "id": 14, "reserved": false },
  { "id": 15, "reserved": false },
  { "id": 16, "reserved": false },
  { "id": 17, "reserved": false },
  { "id": 18, "reserved": false },
  { "id": 19, "reserved": false },
  { "id": 20, "reserved": false },
  { "id": 21, "reserved": false },
  { "id": 22, "reserved": false },
  { "id": 23, "reserved": false },
  { "id": 24, "reserved": false },
  { "id": 25, "reserved": false },
  { "id": 26, "reserved": false },
  { "id": 27, "reserved": false },
  { "id": 28, "reserved": false },
  { "id": 29, "reserved": false },
  { "id": 30, "reserved": false },
  { "id": 31, "reserved": false },
  { "id": 32, "reserved": false },
  { "id": 33, "reserved": false },
  { "id": 34, "reserved": false },
  { "id": 35, "reserved": false },
  { "id": 36, "reserved": false },
  { "id": 37, "reserved": false },
  { "id": 38, "reserved": false },
  { "id": 39, "reserved": false },
  { "id": 40, "reserved": false },
  { "id": 41, "reserved": false },
  { "id": 42, "reserved": false },
  { "id": 43, "reserved": false },
  { "id": 44, "reserved": false },
  { "id": 45, "reserved": false },
  { "id": 46, "reserved": false },
  { "id": 47, "reserved": false },
  { "id": 48, "reserved": false },
  { "id": 49, "reserved": false },
  { "id": 50, "reserved": false }
]